_id,name,address
65e1b624c3c326cc6fd39c03,John,Highway 37
65e1b6286197ccdc3b64aed1,Peter,Lowstreet 27
65e1b521ef168e1dd8928d52,Drazen,Kalvarieng√ºrtel 39
65e1b4850cc6c183b391e4cw,John,Highway 43
65e1b521ef168e1dd8928d56,Peter,Lowstreet 2745
65e1b7467ca907e85f82d7b0,Amy,Apple st 652
65e1b7467ca907e85f82d7b1,Hannah,Mountain 21
65e1b7467ca907e85f82d7b2,Michael,Valley 345
65e1b7467ca907e85f82d7b3,Sandy,Ocean blvd 2
65e1b7467ca907e85f82d7b4,Betty,Green Grass 1
65e1b7467ca907e85f82d7b5,Richard,Sky st 331
65e1b7467ca907e85f82d7b6,Susan,One way 98
65e1b7467ca907e85f82d7b7,Vicky,Yellow Garden 2
65e1b7467ca907e85f82d7b8,Ben,Park Lane 38
65e1b7467ca907e85f82d7b9,William,Central st 954
65e1b7467ca907e85f82d7ba,Chuck,Main Road 989
65e1b7467ca907e85f82d7bb,Viola,Sideway 1633
1,John,Highway 37
2,Peter,Lowstreet 27
3,Amy,Apple st 652
4,Hannah,Mountain 21
5,Michael,Valley 345
6,Sandy,Ocean blvd 2
7,Betty,Green Grass 1
8,Richard,Sky st 331
9,Susan,One way 98
10,Vicky,Yellow Garden 2
11,Ben,Park Lane 38
12,William,Central st 954
13,Chuck,Main Road 989
14,Viola,Sideway 1633
